John	Smith	1985-03-12	Engineer	Bachelor
Emily	Johnson	1990-07-24	Teacher	Master
Michael	Williams	1978-11-05	Doctor	PhD
Sarah	Brown	1982-02-18	Designer	Bachelor
David	Jones	1995-09-30	Developer	Bachelor
Laura	Garcia	1988-06-15	Nurse	Associate
James	Martinez	1975-12-22	Manager	Master
Olivia	Davis	1992-04-10	Lawyer	Juris Doctor
Daniel	Lopez	1980-08-27	Chef	Diploma
Sophia	Gonzalez	1987-01-19	Architect	Master
Matthew	Wilson	1993-05-03	Accountant	Bachelor
Emma	Anderson	1984-10-14	Scientist	PhD
Joshua	Thomas	1979-03-29	Pilot	Bachelor
Mia	Taylor	1991-12-07	Artist	Bachelor
Christopher	Moore	1986-07-21	Plumber	Certificate
Abigail	Martin	1994-02-25	Pharmacist	Master
Andrew	Lee	1983-09-16	Firefighter	Diploma
Grace	Perez	1989-05-30	Dentist	PhD
Joseph	White	1977-08-11	Electrician	Certificate
Chloe	Harris	1996-11-02	Writer	Bachelor
Lucas	Miller	1983-04-22	Analyst	Master
Sofia	Clark	1991-09-13	Biologist	PhD
Ethan	Walker	1987-12-05	Consultant	Bachelor
Isabella	Hall	1994-07-18	Therapist	Associate
Mason	Young	1980-02-27	Programmer	Bachelor
Charlotte	King	1985-11-30	Editor	Master
Benjamin	Wright	1992-06-21	Technician	Diploma
Amelia	Scott	1979-08-15	Producer	Bachelor
Elijah	Green	1986-03-10	Inspector	Certificate
Harper	Adams	1993-10-25	Agent	Bachelor
Henry	Bennett	1982-05-14	Auditor	Master
Zoe	Carter	1990-11-23	Geologist	PhD
Jack	Evans	1985-08-09	Broker	Bachelor
Lily	Foster	1993-03-17	Trainer	Associate
Samuel	Graham	1978-12-28	Producer	Bachelor
Victoria	Hughes	1986-07-02	Designer	Master
Ryan	James	1991-10-19	Agent	Diploma
Ella	Kelly	1984-04-25	Nurse	Bachelor
David	Long	1989-09-30	Manager	Certificate
Madison	Morgan	1992-01-12	Writer	Bachelor
Avery	Reed	1983-11-05	Consultant	Master
Scarlett	Cook	1990-02-20	Analyst	PhD
Caleb	Roberts	1988-09-15	Developer	Bachelor
Aria	Phillips	1995-06-30	Designer	Bachelor
Nathan	Edwards	1981-03-22	Doctor	Certificate
Grace	Stewart	1994-12-10	Scientist	PhD
Isaac	Morris	1987-07-18	Manager	Master
Mia	Nguyen	1993-04-11	Lawyer	Juris Doctor
Oliver	Hall	1980-08-27	Chef	Diploma
Chloe	Allen	1992-10-14	Pharmacist	Master
Lucas	Young	1989-01-09	Firefighter	Diploma
Sofia	Hernandez	1985-05-21	Dentist	PhD
Jackson	King	1996-11-30	Electrician	Certificate
Amelia	Wright	1990-03-15	Writer	Bachelor
Elijah	Scott	1984-12-22	Agent	Bachelor
Harper	Martinez	1993-10-25	Producer	Master
Henry	Lopez	1982-05-14	Auditor	Master
Zoe	Carter	1990-11-23	Geologist	PhD
Jack	Evans	1985-08-09	Broker	Bachelor
Lily	Foster	1993-03-17	Trainer	Associate
Samuel	Graham	1978-12-28	Producer	Bachelor
Victoria	Hughes	1986-07-02	Designer	Master
Ryan	James	1991-10-19	Agent	Diploma
Ella	Kelly	1984-04-25	Nurse	Bachelor
David	Long	1989-09-30	Manager	Certificate
Madison	Morgan	1992-01-12	Writer	Bachelor
Henry	Bennett	1982-05-14	Auditor	Master
Zoe	Carter	1990-11-23	Geologist	PhD
Jack	EvANS	1985-08-09	Broker	Bachelor
Lily	Foster	1993-03-17	Trainer	Associate
Samuel	Graham	1978-12-28	Producer	Bachelor
Victoria	Hughes	1986-07-02	Designer	Master
Ryan	James	1991-10-19	Agent	Diploma
Ella	Kelly	1984-04-25	Nurse	Bachelor
David	Long	1989-09-30	Manager	Certificate
Madison	Morgan	1992-01-12	Writer	Bachelor
Evelyn	Parker	1983-06-14	Architect	Master
Liam	Brooks	1990-09-23	Technician	Diploma
Sophia	Reed	1987-11-05	Consultant	Bachelor
Noah	Carter	1995-02-20	Analyst	PhD
Isabella	Roberts	1988-09-15	Developer	Bachelor
James	Phillips	1981-03-22	Doctor	Certificate
Olivia	Stewart	1994-12-10	Scientist	PhD
William	Morris	1987-07-18	Manager	Master
Emma	Nguyen	1993-04-11	Lawyer	Juris Doctor
Benjamin	Hall	1980-08-27	Chef	Diploma
Charlotte	Lopez	1992-10-14	Pharmacist	Master
Lucas	Young	1989-01-09	Firefighter	Diploma
Sofia	Hernandez	1985-05-21	Dentist	PhD
Jackson	King	1996-11-30	Electrician	Certificate
Amelia	Wright	1990-03-15	Writer	Bachelor
Elijah	Scott	1984-12-22	Agent	Bachelor
Harper	Martinez	1993-10-25	Producer	Master
Henry	Lopez	1982-05-14	Auditor	Master
Zoe	Carter	1990-11-23	Geologist	PhD
Jack	EvANS	1985-08-09	Broker	Bachelor
Lily	Foster	1993-03-17	Trainer	Associate
Samuel	Graham	1978-12-28	Producer	Bachelor
Victoria	Hughes	1986-07-02	Designer	Master
Ryan	James	1991-10-19	Agent	Diploma
Ella	Kelly	1984-04-25	Nurse	Bachelor
David	Long	1989-09-30	Manager	Certificate
Madison	Morgan	1992-01-12	Writer	Bachelor
Evelyn	Parker	1983-06-14	Architect	Master
Liam	Brooks	1990-09-23	Technician	Diploma
Sophia	Reed	1987-11-05	Consultant	Bachelor
Noah	Carter	1995-02-20	Analyst	PhD
Isabella	Roberts	1988-09-15	Developer	Bachelor
James    Phillips	1981-03-22	Doctor	Certificate
Olivia    Stewart	1994-12-10	Scientist	PhD
William   Morris	1987-07-18	Manager	Master
Emma      Nguyen	1993-04-11	Lawyer	Juris Doctor
Benjamin  Hall	1980-08-27	Chef	Diploma
Charlotte  Lopez	1992-10-14	Pharmacist	Master
Lucas     Young	1989-01-09	Firefighter	Diploma
Sofia     Hernandez	1985-05-21	Dentist	PhD